brand,Country,Value,Glossier,,
Glossier,United Kingdom,42%,Glossier,,
Rare Beauty,United Kingdom,43%,Glossier,,
Milk Makeup,United Kingdom,5%,Glossier,,
ILIA,United Kingdom,1%,Glossier,,
Rhode Beauty,United Kingdom,9%,Glossier,,
Glossier,United States,41%,Glossier,,
Rare Beauty,United States,41%,Glossier,,
Milk Makeup,United States,5%,Glossier,,
ILIA,United States,2%,Glossier,,
Rhode Beauty,United States,11%,Glossier,,
Glossier,Australia,38%,Glossier,,
Rare Beauty,Australia,49%,Glossier,,
Milk Makeup,Australia,5%,Glossier,,
ILIA,Australia,1%,Glossier,,
Rhode Beauty,Australia,7%,Glossier,,
Glossier,Ireland,30%,Glossier,,
Rare Beauty,Ireland,53%,Glossier,,
Milk Makeup,Ireland,5%,Glossier,,
Rhode Beauty,Ireland,12%,Glossier,,
Glossier,New Zealand,45%,Glossier,,
Rare Beauty,New Zealand,43%,Glossier,,
Milk Makeup,New Zealand,5%,Glossier,,
Rhode Beauty,New Zealand,7%,Glossier,,
Glossier,Canada,37%,Glossier,,
Rare Beauty,Canada,49%,Glossier,,
Milk Makeup,Canada,4%,Glossier,,
ILIA,Canada,3%,Glossier,,
Rhode Beauty,Canada,7%,Glossier,,
Glossier,Singapore,34%,Glossier,,
Rare Beauty,Singapore,51%,Glossier,,
Milk Makeup,Singapore,6%,Glossier,,
Rhode Beauty,Singapore,9%,Glossier,,
Glossier,Kuwait,32%,Glossier,,
Rare Beauty,Kuwait,68%,Glossier,,
Glossier,Denmark,22%,Glossier,,
Rare Beauty,Denmark,64%,Glossier,,
Milk Makeup,Denmark,7%,Glossier,,
ILIA,Denmark,2%,Glossier,,
Rhode Beauty,Denmark,5%,Glossier,,
Glossier,United Arab Emirates,30%,Glossier,,
Rare Beauty,United Arab Emirates,56%,Glossier,,
Milk Makeup,United Arab Emirates,4%,Glossier,,
Rhode Beauty,United Arab Emirates,10%,Glossier,,
Glossier,Sweden,27%,Glossier,,
Rare Beauty,Sweden,59%,Glossier,,
Milk Makeup,Sweden,9%,Glossier,,
Rhode Beauty,Sweden,5%,Glossier,,
Glossier,St. Helena,53%,Glossier,,
Rare Beauty,St. Helena,36%,Glossier,,
Milk Makeup,St. Helena,11%,Glossier,,
Glossier,Norway,19%,Glossier,,
Rare Beauty,Norway,68%,Glossier,,
Milk Makeup,Norway,6%,Glossier,,
Rhode Beauty,,7%,Glossier,,
Glossier,Netherlands,25%,Glossier,,
Rare Beauty,Netherlands,63%,Glossier,,
Milk Makeup,Netherlands,4%,Glossier,,
ILIA,Netherlands,1%,Glossier,,
Rhode Beauty,Netherlands,7%,Glossier,,
Glossier,France,24%,Glossier,,
Rare Beauty,France,67%,Glossier,,
Milk Makeup,France,4%,Glossier,,
ILIA,France,1%,Glossier,,
Rhode Beauty,France,4%,Glossier,,
Glossier,Belgium,24%,Glossier,,
Rare Beauty,Belgium,70%,Glossier,,
Rhode Beauty,Belgium,6%,Glossier,,
Glossier,Greece,23%,Glossier,,
Rare Beauty,Greece,61%,Glossier,,
Milk Makeup,Greece,4%,Glossier,,
Rhode Beauty,Greece,12%,Glossier,,
Glossier,Switzerland,21%,Glossier,,
Rare Beauty,Switzerland,65%,Glossier,,
Milk Makeup,Switzerland,4%,Glossier,,
ILIA,Switzerland,2%,Glossier,,
Rhode Beauty,Switzerland,8%,Glossier,,
Glossier,Israel,27%,Glossier,,
Rare Beauty,Israel,73%,Glossier,,
Glossier,Philippines,35%,Glossier,,
Rare Beauty,Philippines,52%,Glossier,,
Milk Makeup,Philippines,3%,Glossier,,
Rhode Beauty,Philippines,10%,Glossier,,
Glossier,Austria,24%,Glossier,,
Rare Beauty,Austria,60%,Glossier,,
Milk Makeup,Austria,5%,Glossier,,
Rhode Beauty,Austria,11%,Glossier,,
Glossier,Hong Kong,30%,Glossier,,
Rare Beauty,Hong Kong,70%,Glossier,,
Glossier,Mexico,14%,Glossier,,
Rare Beauty,Mexico,80%,Glossier,,
Milk Makeup,Mexico,2%,Glossier,,
ILIA,Mexico,<1%,Glossier,,
Rhode Beauty,Mexico,4%,Glossier,,
Glossier,Portugal,14%,Glossier,,
Rare Beauty,Portugal,82%,Glossier,,
Rhode Beauty,Portugal,4%,Glossier,,
Glossier,Saudi Arabia,20%,Glossier,,
Rare Beauty,Saudi Arabia,74%,Glossier,,
Milk Makeup,Saudi Arabia,3%,Glossier,,
Rhode Beauty,Saudi Arabia,3%,Glossier,,
Glossier,Finland,18%,Glossier,,
Rare Beauty,Finland,59%,Glossier,,
Milk Makeup,Finland,13%,Glossier,,
Rhode Beauty,Finland,10%,Glossier,,
Glossier,Czechia,19%,Glossier,,
Rare Beauty,Czechia,73%,Glossier,,
Milk Makeup,Czechia,4%,Glossier,,
Rhode Beauty,Czechia,4%,Glossier,,
Glossier,Thailand,34%,Glossier,,
Rare Beauty,Thailand,63%,Glossier,,
Rhode Beauty,Thailand,3%,Glossier,,
Glossier,Germany,22%,Glossier,,
Rare Beauty,Germany,65%,Glossier,,
Milk Makeup,Germany,4%,Glossier,,
ILIA,Germany,1%,Glossier,,
Rhode Beauty,Germany,8%,Glossier,,
Glossier,Spain,13%,Glossier,,
Rare Beauty,Spain,80%,Glossier,,
Milk Makeup,Spain,2%,Glossier,,
ILIA,Spain,<1%,Glossier,,
Rhode Beauty,Spain,5%,Glossier,,
Glossier,Poland,11%,Glossier,,
Rare Beauty,Poland,84%,Glossier,,
Milk Makeup,Poland,2%,Glossier,,
Rhode Beauty,Poland,3%,Glossier,,
Glossier,South Korea,44%,Glossier,,
Rare Beauty,South Korea,39%,Glossier,,
Milk Makeup,South Korea,7%,Glossier,,
Rhode Beauty,South Korea,10%,Glossier,,
Glossier,Italy,18%,Glossier,,
Rare Beauty,Italy,74%,Glossier,,
Milk Makeup,Italy,2%,Glossier,,
ILIA,Italy,1%,Glossier,,
Rhode Beauty,Italy,5%,Glossier,,
Glossier,Romania,14%,Glossier,,
Rare Beauty,Romania,86%,Glossier,,
Glossier,Malaysia,24%,Glossier,,
Rare Beauty,Malaysia,70%,Glossier,,
Rhode Beauty,Malaysia,6%,Glossier,,
Glossier,Türkiye,15%,Glossier,,
Rare Beauty,Türkiye,82%,Glossier,,
Milk Makeup,Türkiye,1%,Glossier,,
Rhode Beauty,Türkiye,2%,Glossier,,
Glossier,Peru,12%,Glossier,,
Rare Beauty,Peru,83%,Glossier,,
Rhode Beauty,Peru,5%,Glossier,,
Glossier,Ukraine,15%,Glossier,,
Rare Beauty,Ukraine,73%,Glossier,,
Milk Makeup,Ukraine,6%,Glossier,,
Rhode Beauty,Ukraine,6%,Glossier,,
Glossier,Pakistan,12%,Glossier,,
Rare Beauty,Pakistan,69%,Glossier,,
Milk Makeup,Pakistan,10%,Glossier,,
Rhode Beauty,Pakistan,9%,Glossier,,
Glossier,South Africa,22%,Glossier,,
Rare Beauty,South Africa,60%,Glossier,,
Milk Makeup,South Africa,6%,Glossier,,
Rhode Beauty,South Africa,12%,Glossier,,
Glossier,Taiwan,26%,Glossier,,
Rare Beauty,Taiwan,68%,Glossier,,
Rhode Beauty,Taiwan,6%,Glossier,,
Glossier,Vietnam,26%,Glossier,,
Rare Beauty,Vietnam,74%,Glossier,,
Glossier,Colombia,10%,Glossier,,
Rare Beauty,Colombia,83%,Glossier,,
Milk Makeup,Colombia,4%,Glossier,,
Rhode Beauty,Colombia,3%,Glossier,,
Glossier,Russia,20%,Glossier,,
Rare Beauty,Russia,74%,Glossier,,
Milk Makeup,Russia,3%,Glossier,,
Rhode Beauty,Russia,3%,Glossier,,
Glossier,India,15%,Glossier,,
Rare Beauty,India,73%,Glossier,,
Milk Makeup,India,6%,Glossier,,
Rhode Beauty,India,6%,Glossier,,
Glossier,Argentina,18%,Glossier,,
Rare Beauty,Argentina,74%,Glossier,,
Rhode Beauty,Argentina,8%,Glossier,,
Glossier,Indonesia,18%,Glossier,,
Rare Beauty,Indonesia,73%,Glossier,,
Milk Makeup,Indonesia,2%,Glossier,,
Rhode Beauty,Indonesia,7%,Glossier,,
Glossier,Brazil,7%,Glossier,,
Rare Beauty,Brazil,89%,Glossier,,
Milk Makeup,Brazil,1%,Glossier,,
Rhode Beauty,Brazil,3%,Glossier,,
Glossier,Japan,32%,Glossier,,
Rare Beauty,Japan,60%,Glossier,,
Milk Makeup,Japan,2%,Glossier,,
Rhode Beauty,Japan,6%,Glossier,,
Glossier,Iran,15%,Glossier,,
Rare Beauty,Iran,73%,Glossier,,
Milk Makeup,Iran,8%,Glossier,,
Rhode Beauty,Iran,4%,Glossier,,
Glossier You Eau de Parfum,United Kingdom,5%,Glossier,,
Glossier Balm Dotcom,United Kingdom,3%,Glossier,,
glossier you,United Kingdom,7%,Glossier,,
no makeup makeup,United Kingdom,27%,Glossier,,
Glossier You Eau de Parfum,United States,6%,Glossier,,
Glossier Balm Dotcom,United States,2%,Glossier,,
glossier you,United States,7%,Glossier,,
no makeup makeup,United States,37%,Glossier,,
Glossier You Eau de Parfum,Australia,6%,Glossier,,
Glossier Balm Dotcom,Australia,3%,Glossier,,
glossier you,Australia,7%,Glossier,,
no makeup makeup,Australia,31%,Glossier,,
Glossier You Eau de Parfum,Ireland,7%,Glossier,,
Glossier Balm Dotcom,Ireland,4%,Glossier,,
glossier you,Ireland,9%,Glossier,,
no makeup makeup,Ireland,32%,Glossier,,
Glossier You Eau de Parfum,New Zealand,5%,Glossier,,
Glossier Balm Dotcom,New Zealand,6%,Glossier,,
glossier you,New Zealand,6%,Glossier,,
no makeup makeup,New Zealand,35%,Glossier,,
Glossier You Eau de Parfum,Canada,6%,Glossier,,
Glossier Balm Dotcom,Canada,1%,Glossier,,
glossier you,Canada,7%,Glossier,,
no makeup makeup,Canada,42%,Glossier,,
Glossier You Eau de Parfum,Singapore,6%,Glossier,,
glossier you,Singapore,4%,Glossier,,
no makeup makeup,Singapore,42%,Glossier,,
no makeup makeup,Kuwait,28%,Glossier,,
Glossier You Eau de Parfum,Denmark,7%,Glossier,,
glossier you,Denmark,7%,Glossier,,
no makeup makeup,Denmark,30%,Glossier,,
Glossier You Eau de Parfum,United Arab Emirates,7%,Glossier,,
Glossier Balm Dotcom,United Arab Emirates,,Glossier,,
glossier you,United Arab Emirates,8%,Glossier,,
no makeup makeup,United Arab Emirates,28%,Glossier,,
Glossier You Eau de Parfum,Sweden,12%,Glossier,,
glossier you,Sweden,11%,Glossier,,
no makeup makeup,Sweden,30%,Glossier,,
no makeup makeup,St. Helena,52%,Glossier,,
glossier you,Norway,10%,Glossier,,
no makeup makeup,Norway,42%,Glossier,,
Glossier You Eau de Parfum,Netherlands,9%,Glossier,,
glossier you,Netherlands,8%,Glossier,,
no makeup makeup,Netherlands,27%,Glossier,,
Glossier You Eau de Parfum,France,9%,Glossier,,
Glossier Balm Dotcom,France,1%,Glossier,,
glossier you,France,8%,Glossier,,
no makeup makeup,France,16%,Glossier,,
Glossier You Eau de Parfum,Belgium,9%,Glossier,,
glossier you,Belgium,8%,Glossier,,
no makeup makeup,Belgium,28%,Glossier,,
Glossier You Eau de Parfum,Greece,13%,Glossier,,
glossier you,Greece,10%,Glossier,,
no makeup makeup,Greece,27%,Glossier,,
Glossier You Eau de Parfum,Switzerland,11%,Glossier,,
glossier you,Switzerland,12%,Glossier,,
no makeup makeup,Switzerland,29%,Glossier,,
Glossier You Eau de Parfum,Israel,9%,Glossier,,
glossier you,Israel,12%,Glossier,,
no makeup makeup,Israel,28%,Glossier,,
no makeup makeup,Hong Kong,48%,Glossier,,
Glossier You Eau de Parfum,Mexico,7%,Glossier,,
Glossier Balm Dotcom,Mexico,3%,Glossier,,
glossier you,Mexico,7%,Glossier,,
no makeup makeup,Mexico,22%,Glossier,,
glossier you,Portugal,9%,Glossier,,
no makeup makeup,Portugal,38%,Glossier,,
Glossier You Eau de Parfum,Saudi Arabia,6%,Glossier,,
Glossier Balm Dotcom,Saudi Arabia,6%,Glossier,,
glossier you,Saudi Arabia,11%,Glossier,,
no makeup makeup,Saudi Arabia,29%,Glossier,,
Glossier You Eau de Parfum,Finland,12%,Glossier,,
no makeup makeup,Finland,36%,Glossier,,
no makeup makeup,Czechia,46%,Glossier,,
Glossier You Eau de Parfum,Thailand,14%,Glossier,,
glossier you,Thailand,15%,Glossier,,
no makeup makeup,Thailand,23%,Glossier,,
Glossier You Eau de Parfum,Germany,10%,Glossier,,
Glossier Balm Dotcom,Germany,1%,Glossier,,
glossier you,Germany,11%,Glossier,,
no makeup makeup,Germany,29%,Glossier,,
Glossier You Eau de Parfum,Spain,7%,Glossier,,
glossier you,Spain,7%,Glossier,,
no makeup makeup,Spain,39%,Glossier,,
Glossier You Eau de Parfum,Poland,5%,Glossier,,
glossier you,Poland,7%,Glossier,,
no makeup makeup,Poland,39%,Glossier,,
Glossier You Eau de Parfum,South Korea,8%,Glossier,,
glossier you,South Korea,8%,Glossier,,
no makeup makeup,South Korea,31%,Glossier,,
Glossier You Eau de Parfum,Italy,5%,Glossier,,
glossier you,Italy,8%,Glossier,,
no makeup makeup,Italy,28%,Glossier,,
Glossier You Eau de Parfum,Romania,10%,Glossier,,
glossier you,Romania,12%,Glossier,,
no makeup makeup,Romania,40%,Glossier,,
glossier you,Malaysia,6%,Glossier,,
no makeup makeup,Malaysia,55%,Glossier,,
Glossier You Eau de Parfum,Türkiye,20%,Glossier,,
glossier you,Türkiye,17%,Glossier,,
no makeup makeup,Türkiye,24%,Glossier,,
no makeup makeup,Peru,43%,Glossier,,
Glossier You Eau de Parfum,Ukraine,12%,Glossier,,
glossier you,Ukraine,14%,Glossier,,
no makeup makeup,Ukraine,33%,Glossier,,
no makeup makeup,Pakistan,65%,Glossier,,
Glossier You Eau de Parfum,South Africa,8%,Glossier,,
no makeup makeup,South Africa,68%,Glossier,,
glossier you,Taiwan,13%,Glossier,,
no makeup makeup,Taiwan,30%,Glossier,,
Glossier You Eau de Parfum,Vietnam,10%,Glossier,,
glossier you,Vietnam,9%,Glossier,,
no makeup makeup,Vietnam,34%,Glossier,,
no makeup makeup,Colombia,43%,Glossier,,
Glossier You Eau de Parfum,Russia,12%,Glossier,,
glossier you,Russia,15%,Glossier,,
no makeup makeup,Russia,25%,Glossier,,
Glossier You Eau de Parfum,India,5%,Glossier,,
Glossier Balm Dotcom,India,1%,Glossier,,
glossier you,India,5%,Glossier,,
no makeup makeup,India,56%,Glossier,,
glossier you,Argentina,14%,Glossier,,
no makeup makeup,Argentina,42%,Glossier,,
Glossier You Eau de Parfum,Russia,12%,Glossier,,
glossier you,Russia,15%,Glossier,,
no makeup makeup,Russia,25%,Glossier,,
Glossier You Eau de Parfum,India,5%,Glossier,,
Glossier Balm Dotcom,India,1%,Glossier,,
glossier you,India,5%,Glossier,,
no makeup makeup,India,56%,Glossier,,
glossier you,Argentina,14%,Glossier,,
no makeup makeup,Argentina,42%,Glossier,,
Glossier You Eau de Parfum,Indonesia,6%,Glossier,,
glossier you,Indonesia,7%,Glossier,,
no makeup makeup,Indonesia,57%,Glossier,,
Glossier You Eau de Parfum,Brazil,6%,Glossier,,
glossier you,Brazil,6%,Glossier,,
no makeup makeup,Brazil,36%,Glossier,,
Glossier You Eau de Parfum,Japan,6%,Glossier,,
glossier you,Japan,6%,Glossier,,
no makeup makeup,Japan,36%,Glossier,,
no makeup makeup,Iran,44%,Glossier,,
